ticker,cik10,sec_company_name,fiscal_year,report_date,filing_date,accession_number,accession_number_no_dashes,primary_document,source_local_path,source_url,total_controlled_lots,total_controlled_lots_source,total_controlled_lots_precision,lpa_lots,lpa_lots_label,lpa_cash_deposits_millions,lpa_letters_of_credit_millions,impairment_reserve_lots,contract_land_deposit_reserve_millions,contract_land_deposits_gross_millions,contract_land_deposits_net_millions,total_risk_of_loss_millions,aggregate_purchase_price_millions,future_lpa_deposit_obligations_millions,specific_performance_lots,specific_performance_obligations_millions,jv_expected_lots,jv_controlled_by_nvr_lots,jv_not_under_contract_lots,jv_investment_millions,jv_funding_commitments_millions,land_under_development_lots,land_under_development_carrying_value_millions,land_under_development_unrelated_contract_lots,land_under_development_funding_commitments_millions,land_under_development_development_credits_millions,raw_land_contract_expected_lots_excluded,raw_land_contract_cash_deposits_millions,raw_land_contract_letters_of_credit_millions,raw_land_contract_refundable_deposits_millions,raw_land_contract_excluded_from_total,component_reconciliation_status,manual_review_flag,manual_review_reason,source_note
NVR,0000906163,NVR Inc,2006,2006-12-31,2007-02-21,0000950133-07-000704,000095013307000704,w30408e10vk.htm,../../fetch_sec_10k_filings/output/raw/sec_10k_filings/0000906163/000095013307000704/w30408e10vk.htm,https://www.sec.gov/Archives/edgar/data/906163/000095013307000704/w30408e10vk.htm,88500,reported_prose,rounded,88500,fixed_price_purchase_agreements,484.0,14.0,,59.636,,402.170,632.0,9000.0,134.0,,,,800,,14.0,,,,,,,,,,,NA,pre_2010_overlap_unclear,TRUE,early_filings_do_not_reconcile_lpa_jv_lud_components,"2006 filing reports 88,500 lots controlled with cash and letter-of-credit deposits plus 800 JV lots separately; JV overlap with the headline controlled-lot count is not fully clear."
NVR,0000906163,NVR Inc,2007,2007-12-31,2008-02-22,0000950133-08-000733,000095013308000733,w50131e10vk.htm,../../fetch_sec_10k_filings/output/raw/sec_10k_filings/0000906163/000095013308000733/w50131e10vk.htm,https://www.sec.gov/Archives/edgar/data/906163/000095013308000733/w50131e10vk.htm,67600,reported_prose,rounded,67600,purchase_agreements,329.0,9.0,17100,133.664,,188.528,405.0,6900.0,67.0,,,,700,,13.2,,,,,,,,,,,NA,pre_2010_overlap_unclear,TRUE,early_filings_do_not_reconcile_lpa_jv_lud_components,"2007 filing reports 67,600 lots controlled with deposits and records 17,100 lots in the impairment reserve; 700 JV lots are disclosed separately."
NVR,0000906163,NVR Inc,2008,2008-12-31,2009-02-25,0000950133-09-000438,000095013309000438,w72880e10vk.htm,../../fetch_sec_10k_filings/output/raw/sec_10k_filings/0000906163/000095013309000438/w72880e10vk.htm,https://www.sec.gov/Archives/edgar/data/906163/000095013309000438/w72880e10vk.htm,45000,reported_prose,rounded,45000,purchase_agreements,178.0,5.0,17000,147.9,,29.073,201.0,4100.0,18.0,,,,370,,8.0,,,,,,,,,,,NA,pre_2010_overlap_unclear,TRUE,early_filings_do_not_reconcile_lpa_jv_lud_components,"2008 primary document was recovered from the SEC directory cache but is still missing from the Make-produced filing index; the filing reports 45,000 controlled lots and 370 LLC-controlled lots separately."
NVR,0000906163,NVR Inc,2009,2009-12-31,2010-02-26,0000950123-10-018033,000095012310018033,w77487e10vk.htm,../../fetch_sec_10k_filings/output/raw/sec_10k_filings/0000906163/000095012310018033/w77487e10vk.htm,https://www.sec.gov/Archives/edgar/data/906163/000095012310018033/w77487e10vk.htm,46300,reported_prose,rounded,46300,purchase_agreements,140.7,4.9,10800,89.5,,49.906,167.1,3900.0,21.5,29,3.5,,760,,25.0,4.0,,,,,,,,,,NA,pre_2010_overlap_unclear,TRUE,early_filings_do_not_reconcile_lpa_jv_lud_components,"2009 filing reports 46,300 controlled lots with deposits and 760 lots controlled through two performing LLCs; later 2010 table restates 2009 total lots controlled as 46,337."
NVR,0000906163,NVR Inc,2010,2010-12-31,2011-02-25,0000950123-11-018386,000095012311018386,w79861e10vk.htm,../../fetch_sec_10k_filings/output/raw/sec_10k_filings/0000906163/000095012311018386/w79861e10vk.htm,https://www.sec.gov/Archives/edgar/data/906163/000095012311018386/w79861e10vk.htm,52310,reported_table,exact_table,50400,purchase_agreements,174.3,6.6,10300,73.517,174.303,100.786,109.340,4600.0,43.178,43,1.944,1100,1100,,37.2,5.0,890,78.058,,,,,,,,NA,rounded_components_approximate_reported_total,FALSE,,"2010 filing gives first clean lots-controlled table; component prose sums to about 52,390 versus table total 52,310 because the components are rounded."
NVR,0000906163,NVR Inc,2011,2011-12-31,2012-02-22,0001193125-12-072956,000119312512072956,d250145d10k.htm,../../fetch_sec_10k_filings/output/raw/sec_10k_filings/0000906163/000119312512072956/d250145d10k.htm,https://www.sec.gov/Archives/edgar/data/906163/000119312512072956/d250145d10k.htm,52976,reported_table,exact_table,48200,purchase_agreements,202.3,3.2,10556,70.333,202.263,131.930,143.684,4600.0,47.525,92,8.526,6700,4000,2700,89.5,5.0,800,78.045,,,,,,,,NA,components_reconcile_to_reported_total,FALSE,,"2011 table reports 52,976 total lots controlled; JV expected lots less lots not under contract gives 4,000 JV-controlled lots."
NVR,0000906163,NVR Inc,2012,2012-12-31,2013-02-19,0001193125-13-065025,000119312513065025,d446058d10k.htm,../../fetch_sec_10k_filings/output/raw/sec_10k_filings/0000906163/000119312513065025/d446058d10k.htm,https://www.sec.gov/Archives/edgar/data/906163/000119312513065025/d446058d10k.htm,58498,reported_table,exact_table,53200,purchase_agreements,256.6,3.3,10170,65.039,256.577,191.538,201.923,5100.0,48.982,71,7.047,7400,4600,2800,82.9,5.0,700,68.336,,,,,,,,NA,components_reconcile_to_reported_total,FALSE,,"2012 table reports 58,498 total lots controlled; 53,200 LPA lots plus 4,600 JV-controlled lots plus about 700 land-under-development lots reconcile after rounding."
NVR,0000906163,NVR Inc,2013,2013-12-31,2014-02-20,0001193125-14-060606,000119312514060606,d638517d10k.htm,../../fetch_sec_10k_filings/output/raw/sec_10k_filings/0000906163/000119312514060606/d638517d10k.htm,https://www.sec.gov/Archives/edgar/data/906163/000119312514060606/d638517d10k.htm,64620,reported_table,exact_table,58100,purchase_agreements,296.6,2.5,9169,59.761,296.646,236.885,241.051,5800.0,73.292,13,1.707,9300,5900,3400,92.7,11.85,650,41.328,125,,,,,,,NA,components_reconcile_to_reported_total,FALSE,,"2013 filing discloses 125 land-under-development lots under contract to an unrelated party; total controlled-lot reconciliation is approximate because all components are rounded."
NVR,0000906163,NVR Inc,2014,2014-12-31,2015-02-19,0001564590-15-000764,000156459015000764,nvr-10k_20141231.htm,../../fetch_sec_10k_filings/output/raw/sec_10k_filings/0000906163/000156459015000764/nvr-10k_20141231.htm,https://www.sec.gov/Archives/edgar/data/906163/000156459015000764/nvr-10k_20141231.htm,68700,reported_table,exact_table,62800,purchase_agreements,348.4,1.7,7800,56.074,350.750,294.676,300.855,6300.0,75.2,10,1.505,8800,5500,3300,82.0,11.85,480,33.689,94,,,5700,2.3,3.0,2.6,TRUE,components_reconcile_to_reported_total,FALSE,,"2014 starts explicit raw-land-contract disclosure; those 5,700 expected lots are stated as not included in total lots controlled."
NVR,0000906163,NVR Inc,2015,2015-12-31,2016-02-17,0001564590-16-012809,000156459016012809,nvr-10k_20151231.htm,../../fetch_sec_10k_filings/output/raw/sec_10k_filings/0000906163/000156459016012809/nvr-10k_20151231.htm,https://www.sec.gov/Archives/edgar/data/906163/000156459016012809/nvr-10k_20151231.htm,74500,reported_table,exact_table,68800,purchase_agreements,373.3,3.0,6100,42.239,385.534,343.295,348.102,6900.0,94.2,10,1.505,8000,4700,3300,60.5,11.5,980,60.611,,19.2,9.6,8800,12.2,0.350,8.7,TRUE,components_reconcile_to_reported_total,FALSE,,"2015 raw-land-contract expected lots are excluded from total controlled lots; February 2016 parcel acquisition is described separately and not coded as a 2015 controlled lot."
NVR,0000906163,NVR Inc,2016,2016-12-31,2017-02-15,0001564590-17-001623,000156459017001623,nvr-10k_20161231.htm,../../fetch_sec_10k_filings/output/raw/sec_10k_filings/0000906163/000156459017001623/nvr-10k_20161231.htm,https://www.sec.gov/Archives/edgar/data/906163/000156459017001623/nvr-10k_20161231.htm,78000,reported_table,exact_table,73200,lot_purchase_agreements,396.2,2.4,4000,31.306,411.150,379.844,383.728,7300.0,94.6,10,1.505,7400,4200,3200,49.4,6.2,600,46.999,,12.0,7.1,9600,14.9,0.0,1.4,TRUE,components_reconcile_to_reported_total,FALSE,,"2016 component disclosure cleanly separates LPA lots from JV-controlled lots and land under development; raw-land contracts are excluded from total controlled lots."
NVR,0000906163,NVR Inc,2017,2017-12-31,2018-02-14,0000906163-18-000007,000090616318000007,a201710-k.htm,../../fetch_sec_10k_filings/output/raw/sec_10k_filings/0000906163/000090616318000007/a201710-k.htm,https://www.sec.gov/Archives/edgar/data/906163/000090616318000007/a201710-k.htm,88700,reported_table,exact_table,84300,lot_purchase_agreements,393.9,1.9,4600,29.999,400.428,370.429,373.930,8400.0,137.9,10,1.505,7300,3900,3400,45.5,5.3,500,34.212,,7.9,4.7,10700,6.6,0.1,5.8,TRUE,components_reconcile_to_reported_total,FALSE,,"2017 component values reconcile exactly after rounding; raw-land-contract expected lots are excluded from the total controlled-lot table."
NVR,0000906163,NVR Inc,2018,2018-12-31,2019-02-13,0000906163-19-000029,000090616319000029,nvr201810-k.htm,../../fetch_sec_10k_filings/output/raw/sec_10k_filings/0000906163/000090616319000029/nvr201810-k.htm,https://www.sec.gov/Archives/edgar/data/906163/000090616319000029/nvr201810-k.htm,99700,reported_table,exact_table,95750,lot_purchase_agreements,420.9,3.8,4250,29.216,425.393,396.177,401.605,9400.0,193.6,10,1.505,6800,3450,3350,29.4,5.0,500,38.857,,7.3,4.6,7500,4.5,0.150,1.7,TRUE,components_reconcile_to_reported_total,FALSE,,"2018 LPA plus JV-controlled plus land-under-development lots exactly match the 99,700 table total."
NVR,0000906163,NVR Inc,2019,2019-12-31,2020-02-19,0000906163-20-000026,000090616320000026,a201910-k.htm,../../fetch_sec_10k_filings/output/raw/sec_10k_filings/0000906163/000090616320000026/a201910-k.htm,https://www.sec.gov/Archives/edgar/data/906163/000090616320000026/a201910-k.htm,104900,reported_table,exact_table,101300,lot_purchase_agreements,439.5,5.5,4600,27.572,441.423,413.851,419.457,10000.0,211.5,0,0.0,6300,2950,3350,26.7,4.3,650,69.196,,6.1,2.8,7000,1.9,0.1,0.9,TRUE,components_reconcile_to_reported_total,FALSE,,"2019 filing states there were no specific performance obligations related to finished-lot purchases; raw-land contracts remain excluded from total controlled lots."
NVR,0000906163,NVR Inc,2020,2020-12-31,2021-02-12,0000906163-21-000017,000090616321000017,nvr-20201231.htm,../../fetch_sec_10k_filings/output/raw/sec_10k_filings/0000906163/000090616321000017/nvr-20201231.htm,https://www.sec.gov/Archives/edgar/data/906163/000090616321000017/nvr-20201231.htm,105700,reported_table,exact_table,103000,lpas,438.5,8.1,7700,52.205,439.833,387.628,395.877,10300.0,215.0,0,0.0,5200,2200,3000,23.6,3.1,500,62.790,,5.1,2.6,6100,1.3,0.1,1.0,TRUE,components_reconcile_to_reported_total,FALSE,,"2020 disclosure uses LPA terminology; net impairment charges were COVID-related but this row records the year-end reserve balance."
NVR,0000906163,NVR Inc,2021,2021-12-31,2022-02-16,0000906163-22-000008,000090616322000008,nvr-20211231.htm,../../fetch_sec_10k_filings/output/raw/sec_10k_filings/0000906163/000090616322000008/nvr-20211231.htm,https://www.sec.gov/Archives/edgar/data/906163/000090616322000008/nvr-20211231.htm,124900,reported_table,exact_table,122800,lpas,521.9,10.1,4900,30.041,527.180,497.139,507.284,,299.8,0,0.0,2300,1900,400,20.3,2.5,200,12.147,,2.7,0.8,15500,5.3,0.0,3.4,TRUE,components_reconcile_to_reported_total,FALSE,,"2021 filing no longer gives one aggregate purchase-price figure for all controlled lots; future LPA deposits are disclosed separately."
NVR,0000906163,NVR Inc,2022,2022-12-31,2023-02-15,0000906163-23-000023,000090616323000023,nvr-20221231.htm,../../fetch_sec_10k_filings/output/raw/sec_10k_filings/0000906163/000090616323000023/nvr-20221231.htm,https://www.sec.gov/Archives/edgar/data/906163/000090616323000023/nvr-20221231.htm,131900,reported_table,exact_table,125100,lpas,543.1,6.9,11200,57.060,553.140,496.080,502.976,,348.3,0,0.0,5300,4900,400,27.2,13.0,1900,27.100,,2.1,0.9,19300,10.1,0.0,2.5,TRUE,components_reconcile_to_reported_total,FALSE,,"2022 LPA plus JV-controlled plus land-under-development lots exactly match the 131,900 table total."
NVR,0000906163,NVR Inc,2023,2023-12-31,2024-02-14,0000906163-24-000033,000090616324000033,nvr-20231231.htm,../../fetch_sec_10k_filings/output/raw/sec_10k_filings/0000906163/000090616324000033/nvr-20231231.htm,https://www.sec.gov/Archives/edgar/data/906163/000090616324000033/nvr-20231231.htm,141500,reported_table,exact_table,134900,lpas,617.0,7.7,10700,53.397,629.948,576.551,584.320,,391.3,0,0.0,5200,4850,350,29.2,11.5,1750,36.895,,1.6,0.9,22700,13.0,0.1,3.8,TRUE,components_reconcile_to_reported_total,FALSE,,"2023 values match the benchmark disclosure: 141,500 total controlled lots and 134,900 LPA lots."
NVR,0000906163,NVR Inc,2024,2024-12-31,2025-02-12,0000906163-25-000011,000090616325000011,nvr-20241231.htm,../../fetch_sec_10k_filings/output/raw/sec_10k_filings/0000906163/000090616325000011/nvr-20241231.htm,https://www.sec.gov/Archives/edgar/data/906163/000090616325000011/nvr-20241231.htm,162400,reported_table,exact_table,155000,lpas,764.9,8.7,10700,58.597,785.272,726.675,735.397,,584.5,0,0.0,5150,4800,350,29.3,8.4,2600,65.394,,,,35900,20.4,0.0,8.4,TRUE,components_reconcile_to_reported_total,FALSE,,"2024 row uses the explicit table total of 162,400 and the LPA disclosure of 155,000 lots."
NVR,0000906163,NVR Inc,2025,2025-12-31,2026-02-11,0000906163-26-000018,000090616326000018,nvr-20251231.htm,../../fetch_sec_10k_filings/output/raw/sec_10k_filings/0000906163/000090616326000018/nvr-20251231.htm,https://www.sec.gov/Archives/edgar/data/906163/000090616326000018/nvr-20251231.htm,180100,reported_table,exact_table,169250,lpas,920.1,4.6,18200,110.958,962.416,851.458,856.023,,733.9,0,0.0,8900,8550,350,78.1,34.1,2300,39.312,,,,38200,42.3,0.0,9.0,TRUE,components_reconcile_to_reported_total,FALSE,,"2025 filing reports 180,100 total controlled lots and a sharp increase in LPA deposits and raw-land contracts."
